Select,CRN,Subj,Crse,Sec,Cmp,Cred,Title,Days,Time,Cap,Act,Rem,Instructor ,Date (MM DD),Location,Attribute
NR,12354,CSCE,110,501,CS,4,PROGRAMMING I (Syllabus) ,MWF,10:20 am to 11:10 am,48,40,8,Fabiola Nakamura (P),01\17 to 05\08,HRBB 124,NA
NR,12354,CSCE,110,501,CS,4,PROGRAMMING I (Syllabus) ,MW,08:00 am to 08:50 am,48,40,8,Fabiola Nakamura,01\17 to 05\08,RDMC 111J,NA
C,12356,CSCE,110,502,CS,4,PROGRAMMING I (Syllabus) ,MWF,10:20 am to 11:10 am,48,48,0,Fabiola Nakamura (P),01\17 to 05\08,HRBB 124,NA
C,12356,CSCE,110,502,CS,4,PROGRAMMING I (Syllabus) ,MW,09:10 am to 10:00 am,48,48,0,Fabiola Nakamura,01\17 to 05\08,RDMC 111J,NA
NR,12358,CSCE,110,503,CS,4,PROGRAMMING I (Syllabus) ,MWF,12:40 pm to 01:30 pm,48,47,1,Fabiola Nakamura (P),01\17 to 05\08,ETB 2005,NA
NR,12358,CSCE,110,503,CS,4,PROGRAMMING I (Syllabus) ,MW,11:30 am to 12:20 pm,48,47,1,Fabiola Nakamura,01\17 to 05\08,RDMC 111J,NA
NR,20906,CSCE,110,504,CS,4,PROGRAMMING I (Syllabus) ,MWF,12:40 pm to 01:30 pm,48,40,8,Fabiola Nakamura (P),01\17 to 05\08,ETB 2005,NA
NR,20906,CSCE,110,504,CS,4,PROGRAMMING I (Syllabus) ,TR,11:10 am to 12:00 pm,48,40,8,Fabiola Nakamura,01\17 to 05\08,RDMC 111J,NA
C,12320,CSCE,111,501,CS,4,CPSC CONCEPTS & PROGRAM (Syllabus) ,MW,04:10 pm to 05:00 pm,45,45,0,Caio Duarte Diniz Monteiro,01\17 to 05\08,RDMC 111J,NA
C,12320,CSCE,111,501,CS,4,CPSC CONCEPTS & PROGRAM (Syllabus) ,MW,05:45 pm to 07:00 pm,45,45,0,Caio Duarte Diniz Monteiro (P),01\17 to 05\08,HRBB 124,NA
NR,12322,CSCE,111,503,CS,4,CPSC CONCEPTS & PROGRAM (Syllabus) ,MW,10:20 am to 11:10 am,48,39,9,Robert H. Lightfoot,01\17 to 05\08,RDMC 111J,NA
NR,12322,CSCE,111,503,CS,4,CPSC CONCEPTS & PROGRAM (Syllabus) ,TR,08:00 am to 09:15 am,48,39,9,Robert H. Lightfoot (P),01\17 to 05\08,ETB 2005,NA
NR,31969,CSCE,111,504,CS,4,CPSC CONCEPTS & PROGRAM (Syllabus) ,TR,08:00 am to 09:15 am,45,44,1,Robert H. Lightfoot (P),01\17 to 05\08,ETB 2005,NA
NR,31969,CSCE,111,504,CS,4,CPSC CONCEPTS & PROGRAM (Syllabus) ,TR,09:35 am to 10:25 am,45,44,1,Robert H. Lightfoot,01\17 to 05\08,RDMC 111J,NA
C,12323,CSCE,121,501,CS,4,INTRO PGM DESIGN CONCEPT (Syllabus) ,TR,08:00 am to 09:15 am,27,27,0,Dylan A. Shell (P),01\17 to 05\08,HRBB 124,NonTraditional Format Approved
C,12323,CSCE,121,501,CS,4,INTRO PGM DESIGN CONCEPT (Syllabus) ,TR,11:10 am to 12:00 pm,27,27,0,Dylan A. Shell,01\17 to 05\08,RDMC 111H,NonTraditional Format Approved
NR,12326,CSCE,121,502,CS,4,INTRO PGM DESIGN CONCEPT (Syllabus) ,TR,08:00 am to 09:15 am,22,20,2,Dylan A. Shell (P),01\17 to 05\08,HRBB 124,NonTraditional Format Approved
NR,12326,CSCE,121,502,CS,4,INTRO PGM DESIGN CONCEPT (Syllabus) ,TR,12:45 pm to 01:35 pm,22,20,2,Dylan A. Shell,01\17 to 05\08,RDMC 111A,NonTraditional Format Approved
C,12328,CSCE,121,503,CS,4,INTRO PGM DESIGN CONCEPT (Syllabus) ,TR,08:00 am to 09:15 am,26,26,0,Dylan A. Shell (P),01\17 to 05\08,HRBB 124,NonTraditional Format Approved
C,12328,CSCE,121,503,CS,4,INTRO PGM DESIGN CONCEPT (Syllabus) ,TR,05:30 pm to 06:20 pm,26,26,0,Dylan A. Shell,01\17 to 05\08,RDMC 111C,NonTraditional Format Approved
NR,12330,CSCE,121,504,CS,4,INTRO PGM DESIGN CONCEPT (Syllabus) ,MW,05:45 pm to 06:35 pm,25,23,2,Dylan A. Shell,01\17 to 05\08,RDMC 111H,NonTraditional Format Approved
NR,12330,CSCE,121,504,CS,4,INTRO PGM DESIGN CONCEPT (Syllabus) ,TR,08:00 am to 09:15 am,25,23,2,Dylan A. Shell (P),01\17 to 05\08,HRBB 124,NonTraditional Format Approved
NR,13808,CSCE,121,505,CS,4,INTRO PGM DESIGN CONCEPT (Syllabus) ,MW,08:00 am to 08:50 am,22,21,1,Dylan A. Shell,01\17 to 05\08,RDMC 111A,NonTraditional Format Approved
NR,13808,CSCE,121,505,CS,4,INTRO PGM DESIGN CONCEPT (Syllabus) ,TR,09:35 am to 10:50 am,22,21,1,Dylan A. Shell (P),01\17 to 05\08,HRBB 124,NonTraditional Format Approved
C,13988,CSCE,121,506,CS,4,INTRO PGM DESIGN CONCEPT (Syllabus) ,TR,09:35 am to 10:50 am,22,22,0,Dylan A. Shell (P),01\17 to 05\08,HRBB 124,NonTraditional Format Approved
C,13988,CSCE,121,506,CS,4,INTRO PGM DESIGN CONCEPT (Syllabus) ,TR,11:10 am to 12:00 pm,22,22,0,Dylan A. Shell,01\17 to 05\08,RDMC 111A,NonTraditional Format Approved
NR,15040,CSCE,121,507,CS,4,INTRO PGM DESIGN CONCEPT (Syllabus) ,TR,09:35 am to 10:50 am,27,26,1,Dylan A. Shell (P),01\17 to 05\08,HRBB 124,NonTraditional Format Approved
NR,15040,CSCE,121,507,CS,4,INTRO PGM DESIGN CONCEPT (Syllabus) ,TR,07:05 pm to 07:55 pm,27,26,1,Dylan A. Shell,01\17 to 05\08,RDMC 111H,NonTraditional Format Approved
NR,15041,CSCE,121,508,CS,4,INTRO PGM DESIGN CONCEPT (Syllabus) ,MW,01:50 pm to 02:40 pm,29,28,1,Dylan A. Shell,01\17 to 05\08,RDMC 111H,NonTraditional Format Approved
NR,15041,CSCE,121,508,CS,4,INTRO PGM DESIGN CONCEPT (Syllabus) ,TR,09:35 am to 10:50 am,29,28,1,Dylan A. Shell (P),01\17 to 05\08,HRBB 124,NonTraditional Format Approved
C,15779,CSCE,121,509,CS,4,INTRO PGM DESIGN CONCEPT (Syllabus) ,MWF,08:00 am to 08:50 am,22,22,0,Michael R. Nowak (P),01\17 to 05\08,HRBB 124,NonTraditional Format Approved
C,15779,CSCE,121,509,CS,4,INTRO PGM DESIGN CONCEPT (Syllabus) ,MW,09:10 am to 10:00 am,22,22,0,Michael R. Nowak,01\17 to 05\08,RDMC 111A,NonTraditional Format Approved
C,17532,CSCE,121,510,CS,4,INTRO PGM DESIGN CONCEPT (Syllabus) ,MWF,08:00 am to 08:50 am,28,28,0,Michael R. Nowak (P),01\17 to 05\08,HRBB 124,NonTraditional Format Approved
C,17532,CSCE,121,510,CS,4,INTRO PGM DESIGN CONCEPT (Syllabus) ,TR,03:55 pm to 04:45 pm,28,28,0,Michael R. Nowak,01\17 to 05\08,RDMC 111H,NonTraditional Format Approved
C,20909,CSCE,121,511,CS,4,INTRO PGM DESIGN CONCEPT (Syllabus) ,MWF,08:00 am to 08:50 am,22,22,0,Michael R. Nowak (P),01\17 to 05\08,HRBB 124,NonTraditional Format Approved
C,20909,CSCE,121,511,CS,4,INTRO PGM DESIGN CONCEPT (Syllabus) ,TR,05:30 pm to 06:20 pm,22,22,0,Michael R. Nowak,01\17 to 05\08,RDMC 111A,NonTraditional Format Approved
C,20910,CSCE,121,512,CS,4,INTRO PGM DESIGN CONCEPT (Syllabus) ,MWF,08:00 am to 08:50 am,28,28,0,Michael R. Nowak (P),01\17 to 05\08,HRBB 124,NonTraditional Format Approved
C,20910,CSCE,121,512,CS,4,INTRO PGM DESIGN CONCEPT (Syllabus) ,MW,03:00 pm to 03:50 pm,28,28,0,Michael R. Nowak,01\17 to 05\08,RDMC 111H,NonTraditional Format Approved
C,23971,CSCE,121,513,CS,4,INTRO PGM DESIGN CONCEPT (Syllabus) ,MW,05:45 pm to 06:35 pm,22,22,0,John M. Moore,01\17 to 05\08,RDMC 111A,NonTraditional Format Approved
C,23971,CSCE,121,513,CS,4,INTRO PGM DESIGN CONCEPT (Syllabus) ,TR,03:55 pm to 05:10 pm,22,22,0,John M. Moore (P),01\17 to 05\08,ETB 2005,NonTraditional Format Approved
C,23972,CSCE,121,514,CS,4,INTRO PGM DESIGN CONCEPT (Syllabus) ,TR,12:45 pm to 01:35 pm,28,28,0,John M. Moore,01\17 to 05\08,RDMC 111J,NonTraditional Format Approved
C,23972,CSCE,121,514,CS,4,INTRO PGM DESIGN CONCEPT (Syllabus) ,TR,03:55 pm to 05:10 pm,28,28,0,John M. Moore (P),01\17 to 05\08,ETB 2005,NonTraditional Format Approved
C,23973,CSCE,121,515,CS,4,INTRO PGM DESIGN CONCEPT (Syllabus) ,MW,04:10 pm to 05:00 pm,26,26,0,John M. Moore,01\17 to 05\08,RDMC 111H,NonTraditional Format Approved
C,23973,CSCE,121,515,CS,4,INTRO PGM DESIGN CONCEPT (Syllabus) ,TR,03:55 pm to 05:10 pm,26,26,0,John M. Moore (P),01\17 to 05\08,ETB 2005,NonTraditional Format Approved
NR,27350,CSCE,121,516,CS,4,INTRO PGM DESIGN CONCEPT (Syllabus) ,TR,03:55 pm to 05:10 pm,24,23,1,John M. Moore (P),01\17 to 05\08,ETB 2005,NonTraditional Format Approved
NR,27350,CSCE,121,516,CS,4,INTRO PGM DESIGN CONCEPT (Syllabus) ,F,12:40 pm to 02:20 pm,24,23,1,John M. Moore,01\17 to 05\08,RDMC 111H,NonTraditional Format Approved
C,27351,CSCE,121,517,CS,4,INTRO PGM DESIGN CONCEPT (Syllabus) ,TR,12:45 pm to 01:35 pm,29,29,0,John M. Moore,01\17 to 05\08,RDMC 111H,NonTraditional Format Approved
C,27351,CSCE,121,517,CS,4,INTRO PGM DESIGN CONCEPT (Syllabus) ,TR,05:30 pm to 06:45 pm,29,29,0,John M. Moore (P),01\17 to 05\08,ETB 2005,NonTraditional Format Approved
NR,27352,CSCE,121,518,CS,4,INTRO PGM DESIGN CONCEPT (Syllabus) ,TR,02:20 pm to 03:10 pm,22,21,1,John M. Moore,01\17 to 05\08,RDMC 111A,NonTraditional Format Approved
NR,27352,CSCE,121,518,CS,4,INTRO PGM DESIGN CONCEPT (Syllabus) ,TR,05:30 pm to 06:45 pm,22,21,1,John M. Moore (P),01\17 to 05\08,ETB 2005,NonTraditional Format Approved
NR,27353,CSCE,121,519,CS,4,INTRO PGM DESIGN CONCEPT (Syllabus) ,MW,05:45 pm to 06:35 pm,25,24,1,John M. Moore,01\17 to 05\08,RDMC 111J,NonTraditional Format Approved
NR,27353,CSCE,121,519,CS,4,INTRO PGM DESIGN CONCEPT (Syllabus) ,TR,05:30 pm to 06:45 pm,25,24,1,John M. Moore (P),01\17 to 05\08,ETB 2005,NonTraditional Format Approved
C,27354,CSCE,121,520,CS,4,INTRO PGM DESIGN CONCEPT (Syllabus) ,MW,01:50 pm to 02:40 pm,24,24,0,John M. Moore,01\17 to 05\08,RDMC 111A,NonTraditional Format Approved
C,27354,CSCE,121,520,CS,4,INTRO PGM DESIGN CONCEPT (Syllabus) ,TR,05:30 pm to 06:45 pm,24,24,0,John M. Moore (P),01\17 to 05\08,ETB 2005,NonTraditional Format Approved
NR,19178,CSCE,181,500,CS,1,INTRO TO COMPUTING (Syllabus) ,TR,03:55 pm to 05:10 pm,135,133,2,Scott Schaefer (P),01\17 to 05\08,HRBB 124,NonTraditional Format Exclude and First Year Seminars
C,12333,CSCE,206,501,CS,4,STRUCTURED PROG IN C (Syllabus) ,MWF,01:50 pm to 02:40 pm,48,48,0,Ki Hwan K. Yum (P),01\17 to 05\08,ETB 2005,NA
C,12333,CSCE,206,501,CS,4,STRUCTURED PROG IN C (Syllabus) ,MW,12:40 pm to 01:30 pm,48,48,0,Ki Hwan K. Yum,01\17 to 05\08,RDMC 111J,NA
NR,12334,CSCE,206,502,CS,4,STRUCTURED PROG IN C (Syllabus) ,MWF,01:50 pm to 02:40 pm,48,36,12,Ki Hwan K. Yum (P),01\17 to 05\08,ETB 2005,NA
NR,12334,CSCE,206,502,CS,4,STRUCTURED PROG IN C (Syllabus) ,TR,08:25 am to 09:15 am,48,36,12,Ki Hwan K. Yum,01\17 to 05\08,RDMC 111J,NA
C,12342,CSCE,221,200,CS,4,HNR to DATA STRUC & ALGORITHM(Syllabus) ,MW,10:20 am to 11:10 am,30,30,0,Aakash Tyagi,01\17 to 05\08,RDMC 111H,Honors
C,12342,CSCE,221,200,CS,4,HNR to DATA STRUC & ALGORITHM(Syllabus) ,MW,04:10 pm to 05:25 pm,30,30,0,Aakash Tyagi (P),01\17 to 05\08,ETB 2026,Honors
NR,12343,CSCE,221,501,CS,4,DATA STRUC & ALGORITHM (Syllabus) ,MWF,08:00 am to 08:50 am,25,13,12,Teresa Leyk (P),01\17 to 05\08,ETB 2005,NA
NR,12343,CSCE,221,501,CS,4,DATA STRUC & ALGORITHM (Syllabus) ,TR,02:20 pm to 03:10 pm,25,13,12,Teresa Leyk,01\17 to 05\08,RDMC 111H,NA
NR,12344,CSCE,221,502,CS,4,DATA STRUC & ALGORITHM (Syllabus) ,MWF,08:00 am to 08:50 am,25,18,7,Teresa Leyk (P),01\17 to 05\08,ETB 2005,NA
NR,12344,CSCE,221,502,CS,4,DATA STRUC & ALGORITHM (Syllabus) ,MW,09:10 am to 10:00 am,25,18,7,Teresa Leyk,01\17 to 05\08,RDMC 111H,NA
NR,12347,CSCE,221,503,CS,4,DATA STRUC & ALGORITHM (Syllabus) ,MWF,08:00 am to 08:50 am,20,13,7,Teresa Leyk (P),01\17 to 05\08,ETB 2005,NA
NR,12347,CSCE,221,503,CS,4,DATA STRUC & ALGORITHM (Syllabus) ,MW,11:30 am to 12:20 pm,20,13,7,Teresa Leyk,01\17 to 05\08,RDMC 111A,NA
NR,12350,CSCE,221,505,CS,4,DATA STRUC & ALGORITHM (Syllabus) ,MWF,09:10 am to 10:00 am,26,19,7,Teresa Leyk (P),01\17 to 05\08,ETB 2005,NA
NR,12350,CSCE,221,505,CS,4,DATA STRUC & ALGORITHM (Syllabus) ,MW,08:00 am to 08:50 am,26,19,7,Teresa Leyk,01\17 to 05\08,RDMC 111H,NA
C,12352,CSCE,221,506,CS,4,DATA STRUC & ALGORITHM (Syllabus) ,MWF,09:10 am to 10:00 am,22,22,0,Teresa Leyk (P),01\17 to 05\08,ETB 2005,NA
C,12352,CSCE,221,506,CS,4,DATA STRUC & ALGORITHM (Syllabus) ,MW,10:20 am to 11:10 am,22,22,0,Teresa Leyk,01\17 to 05\08,RDMC 111A,NA
NR,16242,CSCE,221,507,CS,4,DATA STRUC & ALGORITHM (Syllabus) ,MWF,09:10 am to 10:00 am,22,19,3,Teresa Leyk (P),01\17 to 05\08,ETB 2005,NA
NR,16242,CSCE,221,507,CS,4,DATA STRUC & ALGORITHM (Syllabus) ,TR,08:25 am to 09:15 am,22,19,3,Teresa Leyk,01\17 to 05\08,RDMC 111A,NA
C,22284,CSCE,221,508,CS,4,DATA STRUC & ALGORITHM (Syllabus) ,MWF,09:10 am to 10:00 am,26,26,0,Teresa Leyk (P),01\17 to 05\08,ETB 2005,NA
C,22284,CSCE,221,508,CS,4,DATA STRUC & ALGORITHM (Syllabus) ,TR,09:35 am to 10:25 am,26,26,0,Teresa Leyk,01\17 to 05\08,RDMC 111H,NA
NR,17004,CSCE,221,509,CS,4,DATA STRUC & ALGORITHM (Syllabus) ,MWF,10:20 am to 11:10 am,26,21,5,Teresa Leyk (P),01\17 to 05\08,ETB 2005,NA
NR,17004,CSCE,221,509,CS,4,DATA STRUC & ALGORITHM (Syllabus) ,TR,08:25 am to 09:15 am,26,21,5,Teresa Leyk,01\17 to 05\08,RDMC 111H,NA
NR,14872,CSCE,221,510,CS,4,DATA STRUC & ALGORITHM (Syllabus) ,MWF,10:20 am to 11:10 am,20,19,1,Teresa Leyk (P),01\17 to 05\08,ETB 2005,NA
NR,14872,CSCE,221,510,CS,4,DATA STRUC & ALGORITHM (Syllabus) ,TR,03:55 pm to 04:45 pm,20,19,1,Teresa Leyk,01\17 to 05\08,RDMC 111A,NA
NR,17001,CSCE,221,511,CS,4,DATA STRUC & ALGORITHM (Syllabus) ,MWF,10:20 am to 11:10 am,20,19,1,Teresa Leyk (P),01\17 to 05\08,ETB 2005,NA
NR,17001,CSCE,221,511,CS,4,DATA STRUC & ALGORITHM (Syllabus) ,MW,03:00 pm to 03:50 pm,20,19,1,Teresa Leyk,01\17 to 05\08,RDMC 111A,NA
NR,22285,CSCE,221,512,CS,4,DATA STRUC & ALGORITHM (Syllabus) ,MWF,10:20 am to 11:10 am,26,25,1,Teresa Leyk (P),01\17 to 05\08,ETB 2005,NA
NR,22285,CSCE,221,512,CS,4,DATA STRUC & ALGORITHM (Syllabus) ,MW,12:40 pm to 01:30 pm,26,25,1,Teresa Leyk (P),01\17 to 05\08,RDMC 111H,NA
C,23974,CSCE,221,513,CS,4,DATA STRUC & ALGORITHM (Syllabus) ,MW,11:30 am to 12:20 pm,26,26,0,Eduardo Nakamura,01\17 to 05\08,RDMC 111H,NA
C,23974,CSCE,221,513,CS,4,DATA STRUC & ALGORITHM (Syllabus) ,TR,02:20 pm to 03:35 pm,26,26,0,Eduardo Nakamura (P),01\17 to 05\08,HRBB 124,NA
C,23975,CSCE,221,514,CS,4,DATA STRUC & ALGORITHM (Syllabus) ,TR,02:20 pm to 03:35 pm,26,26,0,Eduardo Nakamura (P),01\17 to 05\08,HRBB 124,NA
C,23975,CSCE,221,514,CS,4,DATA STRUC & ALGORITHM (Syllabus) ,TR,05:30 pm to 06:20 pm,26,26,0,Eduardo Nakamura,01\17 to 05\08,RDMC 111H,NA
C,23976,CSCE,221,515,CS,4,DATA STRUC & ALGORITHM (Syllabus) ,MW,12:40 pm to 01:30 pm,22,22,0,Eduardo Nakamura,01\17 to 05\08,RDMC 111A,NA
C,23976,CSCE,221,515,CS,4,DATA STRUC & ALGORITHM (Syllabus) ,TR,02:20 pm to 03:35 pm,22,22,0,Eduardo Nakamura (P),01\17 to 05\08,HRBB 124,NA
C,31593,CSCE,221,516,CS,4,DATA STRUC & ALGORITHM (Syllabus) ,MW,04:10 pm to 05:00 pm,22,22,0,Eduardo Nakamura,01\17 to 05\08,RDMC 111A,NA
C,31593,CSCE,221,516,CS,4,DATA STRUC & ALGORITHM (Syllabus) ,TR,02:20 pm to 03:35 pm,22,22,0,Eduardo Nakamura (P),01\17 to 05\08,HRBB 124,NA
NR,15322,CSCE,222,501,CS,3,DISCRETE STRUC COMPUTING (Syllabus) ,MWF,03:00 pm to 03:50 pm,90,56,34,Philip C. Ritchey (P),01\17 to 05\08,HRBB 124,NA
NR,15328,CSCE,222,502,CS,3,DISCRETE STRUC COMPUTING (Syllabus) ,MWF,01:50 pm to 02:40 pm,90,85,5,Philip C. Ritchey (P),01\17 to 05\08,HRBB 124,NA
C,20913,CSCE,222,503,CS,3,DISCRETE STRUC COMPUTING (Syllabus) ,TR,12:45 pm to 02:00 pm,90,90,0,Hyunyoung Lee (P),01\17 to 05\08,ETB 2005,NA
NR,27357,CSCE,310,500,CS,3,DATABASE SYSTEMS (Syllabus) ,TR,02:20 pm to 03:35 pm,54,53,1,Ronald Ward (P),01\17 to 05\08,SCTS 317,NA
C,32023,CSCE,312,200,CS,4,HNR to COMPUTER ORGANIZATION(Syllabus) ,MW,04:10 pm to 05:00 pm,0,8, to 8,Eun Kim,01\17 to 05\08,RDMC 111C,Honors
C,32023,CSCE,312,200,CS,4,HNR to COMPUTER ORGANIZATION(Syllabus) ,TR,09:35 am to 10:50 am,0,8, to 8,Eun Kim (P),01\17 to 05\08,HRBB 113,Honors
C,26015,CSCE,312,201,CS,4,HNR to COMPUTER ORGANIZATION(Syllabus) ,MW,05:45 pm to 07:00 pm,0,17, to 17,Aakash Tyagi (P),01\17 to 05\08,ETB 2005,Honors
C,26015,CSCE,312,201,CS,4,HNR to COMPUTER ORGANIZATION(Syllabus) ,F,10:20 am to 12:00 pm,0,17, to 17,Aakash Tyagi,01\17 to 05\08,RDMC 111J,Honors
C,12355,CSCE,312,501,CS,4,COMPUTER ORGANIZATION (Syllabus) ,TR,12:45 pm to 02:00 pm,29,29,0,Daniel A. Jimenez (P),01\17 to 05\08,THOM 107A,NA
C,12355,CSCE,312,501,CS,4,COMPUTER ORGANIZATION (Syllabus) ,TR,05:30 pm to 06:20 pm,29,29,0,Daniel A. Jimenez,01\17 to 05\08,RDMC 111J,NA
NR,12357,CSCE,312,502,CS,4,COMPUTER ORGANIZATION (Syllabus) ,TR,12:45 pm to 02:00 pm,28,27,1,Daniel A. Jimenez (P),01\17 to 05\08,THOM 107A,NA
NR,12357,CSCE,312,502,CS,4,COMPUTER ORGANIZATION (Syllabus) ,TR,07:05 pm to 07:55 pm,28,27,1,Daniel A. Jimenez,01\17 to 05\08,RDMC 111C,NA
C,16243,CSCE,312,503,CS,4,COMPUTER ORGANIZATION (Syllabus) ,MW,04:10 pm to 05:00 pm,24,25, to 1,Eun Kim,01\17 to 05\08,RDMC 111C,NA
C,16243,CSCE,312,503,CS,4,COMPUTER ORGANIZATION (Syllabus) ,TR,09:35 am to 10:50 am,24,25, to 1,Eun Kim (P),01\17 to 05\08,HRBB 113,NA
C,27358,CSCE,312,504,CS,4,COMPUTER ORGANIZATION (Syllabus) ,MW,03:00 pm to 03:50 pm,25,27, to 2,Eun Kim,01\17 to 05\08,RDMC 111C,NA
C,27358,CSCE,312,504,CS,4,COMPUTER ORGANIZATION (Syllabus) ,TR,09:35 am to 10:50 am,25,27, to 2,Eun Kim (P),01\17 to 05\08,HRBB 113,NA
C,27359,CSCE,312,505,CS,4,COMPUTER ORGANIZATION (Syllabus) ,MW,05:45 pm to 07:00 pm,30,31, to 1,Aakash Tyagi (P),01\17 to 05\08,ETB 2005,NA
C,27359,CSCE,312,505,CS,4,COMPUTER ORGANIZATION (Syllabus) ,MW,07:20 pm to 08:10 pm,30,31, to 1,Aakash Tyagi,01\17 to 05\08,RDMC 111J,NA
C,27360,CSCE,312,506,CS,4,COMPUTER ORGANIZATION (Syllabus) ,MW,05:45 pm to 07:00 pm,22,24, to 2,Aakash Tyagi (P),01\17 to 05\08,ETB 2005,NA
C,27360,CSCE,312,506,CS,4,COMPUTER ORGANIZATION (Syllabus) ,F,10:20 am to 12:00 pm,22,24, to 2,Aakash Tyagi,01\17 to 05\08,RDMC 111J,NA
C,32819,CSCE,312,507,CS,4,COMPUTER ORGANIZATION (Syllabus) ,MW,01:50 pm to 02:40 pm,0,28, to 28,Aakash Tyagi,01\17 to 05\08,RDMC 111J,NA
C,32819,CSCE,312,507,CS,4,COMPUTER ORGANIZATION (Syllabus) ,MW,05:45 pm to 07:00 pm,0,28, to 28,Aakash Tyagi (P),01\17 to 05\08,ETB 2005,NA
NR,17007,CSCE,313,200,CS,4,HNR to INTRO TO COMPUTER SYSTEM(Syllabus) ,MW,01:50 pm to 02:40 pm,30,23,7,Dmitri Loguinov,01\17 to 05\08,RDMC 111C,Honors
NR,17007,CSCE,313,200,CS,4,HNR to INTRO TO COMPUTER SYSTEM(Syllabus) ,TR,02:20 pm to 03:35 pm,30,23,7,Dmitri Loguinov (P),01\17 to 05\08,HRBB 113,Honors
C,12359,CSCE,313,501,CS,4,INTRO TO COMPUTER SYSTEM (Syllabus) ,MWF,09:10 am to 10:00 am,20,23, to 3,Sarker T. Ahmed (P),01\17 to 05\08,HRBB 124,NA
C,12359,CSCE,313,501,CS,4,INTRO TO COMPUTER SYSTEM (Syllabus) ,MW,08:00 am to 08:50 am,20,23, to 3,Sarker T. Ahmed,01\17 to 05\08,RDMC 111C,NA
C,12360,CSCE,313,502,CS,4,INTRO TO COMPUTER SYSTEM (Syllabus) ,MWF,09:10 am to 10:00 am,25,28, to 3,Sarker T. Ahmed (P),01\17 to 05\08,HRBB 124,NA
C,12360,CSCE,313,502,CS,4,INTRO TO COMPUTER SYSTEM (Syllabus) ,MW,10:20 am to 11:10 am,25,28, to 3,Sarker T. Ahmed,01\17 to 05\08,RDMC 111C,NA
C,12361,CSCE,313,503,CS,4,INTRO TO COMPUTER SYSTEM (Syllabus) ,MWF,09:10 am to 10:00 am,25,26, to 1,Sarker T. Ahmed (P),01\17 to 05\08,HRBB 124,NA
C,12361,CSCE,313,503,CS,4,INTRO TO COMPUTER SYSTEM (Syllabus) ,TR,03:55 pm to 04:45 pm,25,26, to 1,Sarker T. Ahmed,01\17 to 05\08,RDMC 111J,NA
C,12620,CSCE,313,504,CS,4,INTRO TO COMPUTER SYSTEM (Syllabus) ,MWF,09:10 am to 10:00 am,20,21, to 1,Sarker T. Ahmed (P),01\17 to 05\08,HRBB 124,NA
C,12620,CSCE,313,504,CS,4,INTRO TO COMPUTER SYSTEM (Syllabus) ,MW,07:20 pm to 08:10 pm,20,21, to 1,Sarker T. Ahmed,01\17 to 05\08,RDMC 111C,NA
C,23977,CSCE,313,511,CS,4,INTRO TO COMPUTER SYSTEM (Syllabus) ,MWF,08:00 am to 08:50 am,27,30, to 3,Sarker T. Ahmed (P),01\17 to 05\08,HRBB 113,NA
C,23977,CSCE,313,511,CS,4,INTRO TO COMPUTER SYSTEM (Syllabus) ,MW,09:10 am to 10:00 am,27,30, to 3,Sarker T. Ahmed,01\17 to 05\08,RDMC 111C,NA
C,23978,CSCE,313,512,CS,4,INTRO TO COMPUTER SYSTEM (Syllabus) ,MWF,08:00 am to 08:50 am,28,30, to 2,Sarker T. Ahmed (P),01\17 to 05\08,HRBB 113,NA
C,23978,CSCE,313,512,CS,4,INTRO TO COMPUTER SYSTEM (Syllabus) ,TR,02:20 pm to 03:10 pm,28,30, to 2,Sarker T. Ahmed,01\17 to 05\08,RDMC 111C,NA
C,12362,CSCE,314,500,CS,3,PROGRAMMING LANGUAGES (Syllabus) ,MW,04:10 pm to 05:25 pm,57,60, to 3,Anandi Dutta (P),01\17 to 05\08,HRBB 113,NA
C,23979,CSCE,314,501,CS,3,PROGRAMMING LANGUAGES (Syllabus) ,MWF,03:00 pm to 03:50 pm,96,100, to 4,Anandi Dutta (P),01\17 to 05\08,ETB 2005,NA
C,27361,CSCE,314,502,CS,3,PROGRAMMING LANGUAGES (Syllabus) ,TR,11:10 am to 12:25 pm,98,99, to 1,Hyunyoung Lee (P),01\17 to 05\08,ETB 2005,NA
C,12363,CSCE,315,501,CS,3,PROGRAMMING STUDIO (Syllabus) ,TR,09:35 am to 10:25 am,28,29, to 1,Shawn V. Lupoli,01\17 to 05\08,RDMC 111C,NA
C,12363,CSCE,315,501,CS,3,PROGRAMMING STUDIO (Syllabus) ,TR,11:10 am to 12:25 pm,28,29, to 1,Shawn V. Lupoli (P),01\17 to 05\08,HRBB 113,NA
NR,12504,CSCE,315,502,CS,3,PROGRAMMING STUDIO (Syllabus) ,TR,11:10 am to 12:25 pm,27,26,1,Shawn V. Lupoli (P),01\17 to 05\08,HRBB 113,NA
NR,12504,CSCE,315,502,CS,3,PROGRAMMING STUDIO (Syllabus) ,TR,03:55 pm to 04:45 pm,27,26,1,Shawn V. Lupoli,01\17 to 05\08,RDMC 111C,NA
NR,17533,CSCE,315,504,CS,3,PROGRAMMING STUDIO (Syllabus) ,TR,11:10 am to 12:00 pm,30,29,1,Shawn V. Lupoli,01\17 to 05\08,RDMC 111C,NA
NR,17533,CSCE,315,504,CS,3,PROGRAMMING STUDIO (Syllabus) ,TR,12:45 pm to 02:00 pm,30,29,1,Shawn V. Lupoli (P),01\17 to 05\08,HRBB 124,NA
C,20926,CSCE,315,505,CS,3,PROGRAMMING STUDIO (Syllabus) ,MW,11:30 am to 12:20 pm,30,31, to 1,Shawn V. Lupoli,01\17 to 05\08,RDMC 111C,NA
C,20926,CSCE,315,505,CS,3,PROGRAMMING STUDIO (Syllabus) ,TR,12:45 pm to 02:00 pm,30,31, to 1,Shawn V. Lupoli (P),01\17 to 05\08,HRBB 124,NA
C,23980,CSCE,315,507,CS,3,PROGRAMMING STUDIO (Syllabus) ,TR,12:45 pm to 01:35 pm,30,30,0,Walter Daugherity,01\17 to 05\08,RDMC 111C,NA
C,23980,CSCE,315,507,CS,3,PROGRAMMING STUDIO (Syllabus) ,TR,02:20 pm to 03:35 pm,30,30,0,Walter Daugherity (P),01\17 to 05\08,ETB 2005,NA
C,23981,CSCE,315,508,CS,3,PROGRAMMING STUDIO (Syllabus) ,TR,02:20 pm to 03:35 pm,30,31, to 1,Walter Daugherity (P),01\17 to 05\08,ETB 2005,NA
C,23981,CSCE,315,508,CS,3,PROGRAMMING STUDIO (Syllabus) ,F,12:40 pm to 02:20 pm,30,31, to 1,Walter Daugherity,01\17 to 05\08,RDMC 111C,NA
C,27362,CSCE,410,500,CS,3,OPERATING SYSTEMS (Syllabus) ,TR,08:00 am to 09:15 am,31,31,0,Riccardo Bettati (P),01\17 to 05\08,HRBB 113,NA
C,12370,CSCE,411,500,CS,3,DESIGN ANALY ALGORITHMS (Syllabus) ,MWF,10:20 am to 11:10 am,59,60, to 1,"Saptaparni Kumar (P), Jennifer Welch",01\17 to 05\08,HRBB 113,NA
C,23995,CSCE,411,501,CS,3,DESIGN ANALY ALGORITHMS (Syllabus) ,MW,04:10 pm to 05:25 pm,99,99,0,Timothy A. Davis (P),01\17 to 05\08,ETB 2005,NA
NR,12371,CSCE,420,500,CS,3,ARTIFICIAL INTELLIGENCE (Syllabus) ,TR,11:10 am to 12:25 pm,100,99,1,Walter Daugherity (P),01\17 to 05\08,HRBB 124,NA
C,12372,CSCE,431,501,CS,3,SOFTWARE ENGINEERING (Syllabus) ,MWF,11:30 am to 12:20 pm,30,30,0,Philip C. Ritchey (P),01\17 to 05\08,HRBB 124,NonTraditional Format Approved
C,12372,CSCE,431,501,CS,3,SOFTWARE ENGINEERING (Syllabus) ,MW,12:40 pm to 01:30 pm,30,30,0,Philip C. Ritchey (P),01\17 to 05\08,RDMC 111C,NonTraditional Format Approved
NR,12373,CSCE,431,502,CS,3,SOFTWARE ENGINEERING (Syllabus) ,MWF,11:30 am to 12:20 pm,30,28,2,Philip C. Ritchey (P),01\17 to 05\08,HRBB 124,NonTraditional Format Approved
NR,12373,CSCE,431,502,CS,3,SOFTWARE ENGINEERING (Syllabus) ,TR,08:25 am to 09:15 am,30,28,2,Philip C. Ritchey,01\17 to 05\08,RDMC 111C,NonTraditional Format Approved
NR,20932,CSCE,431,503,CS,3,SOFTWARE ENGINEERING (Syllabus) ,MWF,11:30 am to 12:20 pm,30,28,2,Philip C. Ritchey (P),01\17 to 05\08,HRBB 124,NonTraditional Format Approved
NR,20932,CSCE,431,503,CS,3,SOFTWARE ENGINEERING (Syllabus) ,F,12:40 pm to 02:20 pm,30,28,2,Philip C. Ritchey,01\17 to 05\08,RDMC 111J,NonTraditional Format Approved
NR,32817,CSCE,431,550,CS,3,SOFTWARE ENGINEERING to SINGAPORE(Syllabus) ,NA,TBA,25,15,10,Philip C. Ritchey (P),12\29 to 05 \01,TBA,NonTraditional Format Approved and Study Abroad
NR,15330,CSCE,433,500,CS,3,FORMAL LANGUAGES AUTOM (Syllabus) ,MWF,11:30 am to 12:20 pm,40,36,4,Jennifer Welch (P),01\17 to 05\08,HRBB 113,NonTraditional Format Approved and Study Abroad
C,29851,CSCE,435,200,CS,3,HNR to PARALLEL COMPUTING (Syllabus) ,TR,09:35 am to 10:50 am,0,1, to 1,Vivek Sarin (P),01\17 to 05\08,HRBB 105,Honors
NR,27365,CSCE,435,500,CS,3,PARALLEL COMPUTING (Syllabus) ,TR,09:35 am to 10:50 am,35,34,1,Vivek Sarin (P),01\17 to 05\08,HRBB 105,Honors
C,31984,CSCE,436,200,CS,3,HNR to COMP HUMAN INTERACTION(Syllabus) ,TR,07:05 pm to 08:20 pm,0,1, to 1,John M. Moore (P),01\17 to 05\08,ETB 1005,Honors
C,27366,CSCE,436,500,CS,3,COMP HUMAN INTERACTION (Syllabus) ,TR,07:05 pm to 08:20 pm,59,59,0,John M. Moore (P),01\17 to 05\08,ETB 1005,Honors
C,32024,CSCE,438,201,CS,3,HNR to DIST OBJECTS PROGRAMMING(Syllabus) ,TR,12:45 pm to 02:00 pm,0,2, to 2,Radu Stoleru (P),01\17 to 05\08,HRBB 113,Honors
NR,17008,CSCE,438,500,CS,3,DIST OBJECTS PROGRAMMING (Syllabus) ,TR,12:45 pm to 02:00 pm,60,53,7,Radu Stoleru (P),01\17 to 05\08,HRBB 113,Honors
C,31985,CSCE,441,200,CS,3,HNR to COMPUTER GRAPHICS (Syllabus) ,MWF,03:00 pm to 03:50 pm,0,2, to 2,Shinjiro Sueda (P),01\17 to 05\08,HRBB 113,Honors
NR,12374,CSCE,441,500,CS,3,COMPUTER GRAPHICS (Syllabus) ,MWF,03:00 pm to 03:50 pm,58,57,1,Shinjiro Sueda (P),01\17 to 05\08,HRBB 113,Honors
NR,19179,CSCE,445,500,CS,3,COMPUTERS AND NEW MEDIA (Syllabus) ,TR,09:35 am to 10:50 am,48,48,0,Frank Shipman (P),01\17 to 05\08,CHEN 111,NA
NR,27369,CSCE,451,500,CS,3,SOFTWARE REVERSE ENGINEERING(Syllabus) ,TR,12:45 pm to 02:00 pm,30,22,8,Jyh Liu (P),01\17 to 05\08,HRBB 126,NA
NR,27369,CSCE,451,500,CS,3,SOFTWARE REVERSE ENGINEERING(Syllabus) ,F,10:20 am to 12:00 pm,30,22,8,Jyh Liu,01\17 to 05\08,RDMC 111C,NA
C,12375,CSCE,462,501,CS,3,MICROCOMPUTER SYSTEMS (Syllabus) ,TR,09:35 am to 10:50 am,15,27, to 12,Jyh Liu (P),01\17 to 05\08,CHEM 255,Lab Safety Acknowledgment
C,12375,CSCE,462,501,CS,3,MICROCOMPUTER SYSTEMS (Syllabus) ,T,12:45 pm to 02:25 pm,15,27, to 12,Jyh Liu,01\17 to 05\08,HRBB 217,Lab Safety Acknowledgment
C,32062,CSCE,462,502,CS,3,MICROCOMPUTER SYSTEMS (Syllabus) ,M,12:40 pm to 02:20 pm,15,27, to 12,Jyh Liu,01\17 to 05\08,HRBB 217,Lab Safety Acknowledgment
C,32062,CSCE,462,502,CS,3,MICROCOMPUTER SYSTEMS (Syllabus) ,TR,09:35 am to 10:50 am,15,27, to 12,Jyh Liu (P),01\17 to 05\08,CHEM 255,Lab Safety Acknowledgment
NR,20934,CSCE,463,500,CS,3,NETWORKS & DIST PROC (Syllabus) ,TR,05:30 pm to 06:45 pm,45,22,23,Dmitri Loguinov (P),01\17 to 05\08,HRBB 113,NA
NR,31955,CSCE,464,500,CS,3,WIRELESS AND MOBILE SYS (Syllabus) ,MW,07:20 pm to 08:35 pm,60,54,6,"Ala' (. Altaweel (P), Radu Stoleru",01\17 to 05\08,HRBB 113,NA
C,31986,CSCE,465,200,CS,3,HNR to COMP & NET SECURITY (Syllabus) ,MWF,11:30 am to 12:20 pm,0,1, to 1,Guofei Gu (P),01\17 to 05\08,ETB 2005,Honors
C,29436,CSCE,465,500,CS,3,COMP & NET SECURITY (Syllabus) ,MWF,11:30 am to 12:20 pm,90,90,0,Guofei Gu (P),01\17 to 05\08,ETB 2005,Honors
C,23996,CSCE,470,500,CS,3,INFO STORAGE & RETRIEVAL (Syllabus) ,MWF,09:10 am to 10:00 am,60,60,0,Xia Hu (P),01\17 to 05\08,HRBB 113,NA
C,31968,CSCE,481,500,CS,1,SEMINAR (Syllabus) ,TR,03:55 pm to 05:10 pm,170,181, to 11,Daniel A. Jimenez (P),01\17 to 05\08,ARCC 105,LMTD and NonTraditional Format Exclude
C,17851,CSCE,481,900,CS,1,SEMINAR (Syllabus) ,TR,03:55 pm to 05:10 pm,0,13, to 13,Daniel A. Jimenez (P),01\17 to 05\08,ARCC 105,LMTD and NonTraditional Format Exclude and Upper Division Seminar and Univ Req to Writing Intensive
C,15327,CSCE,482,501,CS,3,SR CAPSTONE DESIGN (Syllabus) ,MW,11:30 am to 11:55 am,20,28, to 8,Tracy Hammond (P),01\17 to 05\08,HRBB 229,LMTD and Capstone
C,15327,CSCE,482,501,CS,3,SR CAPSTONE DESIGN (Syllabus) ,MW,12:00 pm to 02:30 pm,20,28, to 8,Tracy Hammond,01\17 to 05\08,HRBB 229,LMTD and Capstone
C,15329,CSCE,482,502,CS,3,SR CAPSTONE DESIGN (Syllabus) ,TR,12:45 pm to 01:10 pm,20,28, to 8,Mahima Agumbe Suresh (P),01\17 to 05\08,HRBB 232,LMTD and Capstone
C,15329,CSCE,482,502,CS,3,SR CAPSTONE DESIGN (Syllabus) ,TR,01:15 pm to 03:45 pm,20,28, to 8,Mahima Agumbe Suresh,01\17 to 05\08,HRBB 232,LMTD and Capstone
C,17534,CSCE,482,503,CS,3,SR CAPSTONE DESIGN (Syllabus) ,MW,09:10 am to 09:35 am,20,27, to 7,Bobak Mortazavi (P),01\17 to 05\08,HRBB 219,LMTD and Capstone
C,17534,CSCE,482,503,CS,3,SR CAPSTONE DESIGN (Syllabus) ,MW,09:40 am to 12:10 pm,20,27, to 7,Bobak Mortazavi,01\17 to 05\08,HRBB 219,LMTD and Capstone
C,17535,CSCE,482,504,CS,3,SR CAPSTONE DESIGN (Syllabus) ,TR,09:35 am to 10:00 am,20,26, to 6,Robin Murphy (P),01\17 to 05\08,HRBB 203,LMTD and Capstone
C,17535,CSCE,482,504,CS,3,SR CAPSTONE DESIGN (Syllabus) ,TR,10:05 am to 12:35 pm,20,26, to 6,Robin Murphy,01\17 to 05\08,HRBB 203,LMTD and Capstone
C,12377,CSCE,483,501,CS,3,COMPUTER SYS DESIGN (Syllabus) ,TR,12:40 pm to 01:05 pm,20,24, to 4,Rabinarayan Mahapatra (P),01\17 to 05\08,HRBB 218,Capstone
C,12377,CSCE,483,501,CS,3,COMPUTER SYS DESIGN (Syllabus) ,TR,01:10 pm to 03:40 pm,20,24, to 4,Rabinarayan Mahapatra,01\17 to 05\08,HRBB 218,Capstone
C,12378,CSCE,483,502,CS,3,COMPUTER SYS DESIGN (Syllabus) ,MW,12:40 pm to 01:05 pm,20,25, to 5,Rabinarayan Mahapatra (P),01\17 to 05\08,HRBB 218,Capstone
C,12378,CSCE,483,502,CS,3,COMPUTER SYS DESIGN (Syllabus) ,MW,01:10 pm to 03:40 pm,20,25, to 5,Rabinarayan Mahapatra,01\17 to 05\08,HRBB 218,Capstone
C,32058,CSCE,489,200,CS,3,HNR to SPTP:PROBLM SOLVNG PROGRAM(Syllabus) ,MW,03:00 pm to 03:50 pm,0,8, to 8,John Keyser (P),01\17 to 05\08,THOM 107A,Honors and NonTraditional Format Exclude and 3peat Exclusion
C,32058,CSCE,489,200,CS,3,HNR to SPTP:PROBLM SOLVNG PROGRAM(Syllabus) ,F,03:00 pm to 05:30 pm,0,8, to 8,John Keyser,01\17 to 05\08,RDMC 111C,Honors and NonTraditional Format Exclude and 3peat Exclusion
NR,32015,CSCE,489,500,CS,3,SPTP:PROBLEM SOLVING PROGRAM(Syllabus) ,MW,03:00 pm to 03:50 pm,22,18,4,John Keyser (P),01\17 to 05\08,THOM 107A,NonTraditional Format Exclude and 3peat Exclusion
NR,32015,CSCE,489,500,CS,3,SPTP:PROBLEM SOLVING PROGRAM(Syllabus) ,F,03:00 pm to 05:30 pm,22,18,4,John Keyser,01\17 to 05\08,RDMC 111C,NonTraditional Format Exclude and 3peat Exclusion
NR,32021,CSCE,489,501,CS,3,SPTP:PROBLEM SOLVING PROGRAM(Syllabus) ,MW,03:00 pm to 03:50 pm,23,20,3,John Keyser (P),01\17 to 05\08,THOM 107A,NonTraditional Format Exclude and 3peat Exclusion
NR,32021,CSCE,489,501,CS,3,SPTP:PROBLEM SOLVING PROGRAM(Syllabus) ,F,03:00 pm to 05:30 pm,23,20,3,John Keyser,01\17 to 05\08,RDMC 111H,NonTraditional Format Exclude and 3peat Exclusion
C,32087,CSCE,489,502,CS,3,SPTP:MINING CONTENT SOCL MEDIA(Syllabus) ,TR,11:10 am to 12:25 pm,60,60,0,Eduardo Nakamura (P),01\17 to 05\08,THOM 107A,NonTraditional Format Exclude and 3peat Exclusion
NR,32100,CSCE,489,503,CS,3,SPTP:LAW & POLICY IN CYBER (Syllabus) ,TR,09:35 am to 10:50 am,15,14,1,Paula S. Dewitte (P),01\17 to 05\08,HRBB 126,NonTraditional Format Exclude and 3peat Exclusion
NR,32101,CSCE,489,504,CS,3,SPTP:CYBERSECURITY RISK (Syllabus) ,TR,08:00 am to 09:15 am,26,16,10,Paula S. Dewitte (P),01\17 to 05\08,HRBB 105,NonTraditional Format Exclude and 3peat Exclusion
C,32824,CSCE,489,505,CS,3,SPTP:DATA VISUALIZATION (Syllabus) ,TR,02:20 pm to 03:35 pm,8,5,3,Eric D. Ragan (P),01\17 to 05\08,ARCC 305,NonTraditional Format Exclude and 3peat Exclusion
NR,32810,CSCE,489,598,CS,3,SPTP:DIGITAL ENTREPRENUERSHIP(Syllabus) ,WEB,WEB,30,26,4,Paula S. Dewitte (P),01\17 to 05\08,WEB,Distance Education and NonTraditional Format Exclude and 3peat Exclusion
NR,32595,CSCE,489,599,CS,3,SPTP:LAW & POLICY IN CYBER (Syllabus) ,WEB,WEB,15,14,1,Paula S. Dewitte (P),01\17 to 05\08,WEB,Distance Education and NonTraditional Format Exclude and 3peat Exclusion
C,14080,CSCE,491,200,CS,4,HNR to RESEARCH ,NA,TBA,0,2, to 2,Nancy Amato (P),01\17 to 05\08,TBA,Honors and LMTD and NonTraditional Format Exclude and Research and 3peat Exclusion
C,23062,CSCE,491,203,CS,4,HNR to RESEARCH ,NA,TBA,0,2, to 2,Andrew Kerne (P),01\17 to 05\08,TBA,Honors and LMTD and NonTraditional Format Exclude and Research and 3peat Exclusion
C,16374,CSCE,491,205,CS,4,HNR to RESEARCH ,NA,TBA,0,1, to 1,Dmitri Loguinov (P),01\17 to 05\08,TBA,Honors and LMTD and NonTraditional Format Exclude and 3peat Exclusion
C,33418,CSCE,491,212,CS,4,HNR to RESEARCH ,NA,TBA,1,1,0,Daniel J. Ragsdale (P),01\17 to 05\08,TBA,Honors and LMTD and NonTraditional Format Exclude and 3peat Exclusion
C,30064,CSCE,491,213,CS,4,HNR to RESEARCH ,NA,TBA,0,4, to 4,James Caverlee (P),01\17 to 05\08,TBA,Honors and LMTD and NonTraditional Format Exclude and 3peat Exclusion
C,33253,CSCE,491,216,CS,4,HNR to RESEARCH ,NA,TBA,1,1,0,Ricardo Gutierrez to Osuna (P),01\17 to 05\08,TBA,Honors and LMTD and NonTraditional Format Exclude and 3peat Exclusion
C,33362,CSCE,491,223,CS,4,HNR to RESEARCH ,NA,TBA,1,1,0,Tracy Hammond (P),01\17 to 05\08,TBA,Honors and LMTD and NonTraditional Format Exclude and 3peat Exclusion
C,33363,CSCE,491,231,CS,4,HNR to RESEARCH ,NA,TBA,1,1,0,Anxiao Jiang (P),01\17 to 05\08,TBA,Honors and LMTD and NonTraditional Format Exclude and 3peat Exclusion
C,20329,CSCE,491,235,CS,4,HNR to RESEARCH ,NA,TBA,0,2, to 2,Jennifer Welch (P),01\17 to 05\08,TBA,Honors and LMTD and NonTraditional Format Exclude and 3peat Exclusion
C,16375,CSCE,491,236,CS,4,HNR to RESEARCH ,NA,TBA,0,1, to 1,Tracy Hammond (P),01\17 to 05\08,TBA,Honors and LMTD and NonTraditional Format Exclude and 3peat Exclusion
C,23174,CSCE,491,241,CS,4,HNR to RESEARCH ,NA,TBA,0,1, to 1,Thomas Ioerger (P),01\17 to 05\08,TBA,Honors and LMTD and NonTraditional Format Exclude and 3peat Exclusion
C,33238,CSCE,491,244,CS,4,HNR to RESEARCH ,NA,TBA,1,1,0,Guofei Gu (P),01\17 to 05\08,TBA,Honors and LMTD and NonTraditional Format Exclude and 3peat Exclusion
C,29997,CSCE,491,245,CS,4,HNR to RESEARCH ,NA,TBA,1,1,0,Ruihong Huang (P),01\17 to 05\08,TBA,Honors and LMTD and NonTraditional Format Exclude and 3peat Exclusion
C,33395,CSCE,491,249,CS,4,HNR to RESEARCH ,NA,TBA,1,1,0,Xia Hu (P),01\17 to 05\08,TBA,Honors and LMTD and NonTraditional Format Exclude and 3peat Exclusion
C,29923,CSCE,491,260,CS,4,HNR to RESEARCH ,NA,TBA,0,1, to 1,Robin Murphy (P),01\17 to 05\08,TBA,Honors and LMTD and NonTraditional Format Exclude and 3peat Exclusion
C,22705,CSCE,491,268,CS,4,HNR to RESEARCH ,NA,TBA,0,5, to 5,Dylan A. Shell (P),01\17 to 05\08,TBA,Honors and LMTD and NonTraditional Format Exclude and Research and 3peat Exclusion
C,32910,CSCE,491,297,CS,4,HNR to RESEARCH ,NA,TBA,1,1,0,Hye to Chung Kum (P),01\17 to 05\08,TBA,Honors and LMTD and NonTraditional Format Exclude and 3peat Exclusion
C,29950,CSCE,491,500,CS,4,RESEARCH ,NA,TBA,0,1, to 1,Nancy Amato (P),01\17 to 05\08,TBA,LMTD and NonTraditional Format Exclude and 3peat Exclusion
C,20299,CSCE,491,504,CS,4,RESEARCH ,NA,TBA,0,2, to 2,Richard K. Furuta (P),01\17 to 05\08,TBA,LMTD and NonTraditional Format Exclude and 3peat Exclusion
NR,32821,CSCE,491,507,CS,4,RESEARCH ,NA,TBA,4,2,2,"Mahima Agumbe Suresh (P), Dilma Da Silva",01\17 to 05\08,TBA,LMTD and NonTraditional Format Exclude and 3peat Exclusion
C,29467,CSCE,491,512,CS,4,RESEARCH ,NA,TBA,0,1, to 1,Daniel J. Ragsdale (P),01\17 to 05\08,TBA,LMTD and NonTraditional Format Exclude and 3peat Exclusion
C,30065,CSCE,491,527,CS,4,RESEARCH ,NA,TBA,0,1, to 1,Jyh Liu (P),01\17 to 05\08,TBA,LMTD and NonTraditional Format Exclude and 3peat Exclusion
C,29468,CSCE,491,539,CS,4,RESEARCH ,NA,TBA,0,1, to 1,Shinjiro Sueda (P),01\17 to 05\08,TBA,LMTD and NonTraditional Format Exclude and 3peat Exclusion
C,18544,CSCE,491,544,CS,4,RESEARCH ,NA,TBA,0,1, to 1,Guofei Gu (P),01\17 to 05\08,TBA,LMTD and NonTraditional Format Exclude and 3peat Exclusion
NR,20935,CSCE,606,600,CS,3,SOFTWARE ENGINEERING (Syllabus) ,TR,05:30 pm to 06:45 pm,90,83,7,Duncan Walker (P),01\17 to 05\08,HRBB 124,NA
C,32814,CSCE,611,600,CS,3,OPERATING SYSTEMS & APPL (Syllabus) ,TR,08:00 am to 09:15 am,19,19,0,Riccardo Bettati (P),01\17 to 05\08,HRBB 113,NA
NR,20936,CSCE,612,600,CS,3,APPLIED NETWRK DIST PROC (Syllabus) ,TR,05:30 pm to 06:45 pm,15,5,10,Dmitri Loguinov (P),01\17 to 05\08,HRBB 113,NA
NR,19180,CSCE,625,600,CS,3,ARTIFICIAL INTELLIGNCE (Syllabus) ,TR,02:20 pm to 03:35 pm,100,43,57,Robin Murphy (P),01\17 to 05\08,HELD 105,NA
NR,15331,CSCE,627,600,CS,3,TH OF COMPUTABILITY (Syllabus) ,MWF,11:30 am to 12:20 pm,20,16,4,Jennifer Welch (P),01\17 to 05\08,HRBB 113,NA
NR,12365,CSCE,629,600,CS,3,ANALYSIS OF ALGORITHMS (Syllabus) ,TR,08:00 am to 09:15 am,100,85,15,Sing Sze (P),01\17 to 05\08,HELD 113,NA
NR,19444,CSCE,629,601,CS,3,ANALYSIS OF ALGORITHMS (Syllabus) ,MWF,01:50 pm to 02:40 pm,60,59,1,Anxiao Jiang (P),01\17 to 05\08,HRBB 113,NA
C,12367,CSCE,633,600,CS,3,MACHINE LEARNING (Syllabus) ,TR,12:45 pm to 02:00 pm,60,60,0,Zhangyang Wang (P),01\17 to 05\08,CHEN 104,NA
NR,13975,CSCE,647,600,CS,4,IMAGE SYNTHESIS (Syllabus) ,MW,08:00 am to 09:15 am,20,10,10,Ergun Akleman (P),01\17 to 05\08,ARCC 414,NA
NR,13975,CSCE,647,600,CS,4,IMAGE SYNTHESIS (Syllabus) ,MW,09:16 am to 10:05 am,20,10,10,Ergun Akleman,01\17 to 05\08,ARCC 414,NA
NR,32175,CSCE,648,600,CS,3,COMPUTER AIDED SCULPTING (Syllabus) ,MW,10:20 am to 11:10 am,10,2,8,Ergun Akleman (P),01\17 to 05\08,ARCC 414,NA
NR,32175,CSCE,648,600,CS,3,COMPUTER AIDED SCULPTING (Syllabus) ,MW,11:11 am to 12:25 pm,10,2,8,Ergun Akleman,01\17 to 05\08,ARCC 414,NA
NR,19183,CSCE,656,600,CS,3,COMPUTERS AND NEW MEDIA (Syllabus) ,TR,11:10 am to 12:25 pm,40,25,15,Frank Shipman (P),01\17 to 05\08,HRBB 204,NA
NR,30872,CSCE,658,600,CS,3,RANDOMIZED ALGORITHMS (Syllabus) ,TR,11:10 am to 12:25 pm,28,15,13,Andreas Klappenecker (P),01\17 to 05\08,HRBB 126,NA
NR,30873,CSCE,660,600,CS,3,COMP LINEAR ALGEBRA (Syllabus) ,MW,05:45 pm to 07:00 pm,30,21,9,Timothy A. Davis (P),01\17 to 05\08,HRBB 126,NA
NR,30874,CSCE,665,600,CS,3,ADV NETWORK & SECURITY (Syllabus) ,MWF,01:50 pm to 02:40 pm,30,20,10,Guofei Gu (P),01\17 to 05\08,HRBB 126,NA
NR,31973,CSCE,669,600,CS,3,COMPUTATIONAL OPTIMIZA (Syllabus) ,MWF,10:20 am to 11:10 am,23,9,14,Jianer Chen (P),01\17 to 05\08,THOM 009C,NA
NR,12369,CSCE,670,600,CS,3,INFO STORAGE & RETRIEVAL (Syllabus) ,TR,09:35 am to 10:50 am,100,99,1,James Caverlee (P),01\17 to 05\08,ETB 2005,NA
NR,32401,CSCE,671,600,CS,3,COMP to HUMAN INTERACTION (Syllabus) ,TR,05:30 pm to 06:45 pm,10,8,2,Francis K. Quek (P),01\17 to 05\08,ARCC 207,NA
NR,12644,CSCE,681,600,CS,1,SEMINAR (Syllabus) ,MW,04:10 pm to 05:25 pm,120,73,47,"Lawrence Rauchwerger (P), Nancy Amato",01\17 to 05\08,HRBB 124,NonTraditional Format Exclude
NR,29483,CSCE,684,550,CS,1 16 2018,PROFESSIONAL INTERNSHIP: IN to AB ,NA,TBA,10,7,3,Duncan Walker (P),01\17 to 05\08,TBA,In Absentia and NonTraditional Format Exclude and 3peat Exclusion and YIRS
NR,25648,CSCE,684,636,CS,1 16 2018,PROFESSIONAL INTERNSHIP ,NA,TBA,5,1,4,Tracy Hammond (P),01\17 to 05\08,TBA,NonTraditional Format Exclude and 3peat Exclusion and YIRS
C,30049,CSCE,685,606,CS,1 12 2018,DIRECTED STUDIES ,NA,TBA,1,1,0,Ruihong Huang (P),01\17 to 05\08,TBA,NonTraditional Format Exclude
NR,33019,CSCE,685,607,CS,1 12 2018,DIRECTED STUDIES ,NA,TBA,6,2,4,Xia Hu (P),01\17 to 05\08,TBA,NonTraditional Format Exclude
NR,33396,CSCE,685,612,CS,1 12 2018,DIRECTED STUDIES ,NA,TBA,5,2,3,Daniel A. Jimenez (P),01\17 to 05\08,TBA,NonTraditional Format Exclude
NR,33018,CSCE,685,618,CS,1 12 2018,DIRECTED STUDIES ,NA,TBA,2,1,1,Sing Sze (P),01\17 to 05\08,TBA,NonTraditional Format Exclude
NR,33223,CSCE,685,623,CS,1 12 2018,DIRECTED STUDIES ,NA,TBA,5,1,4,Theodora Chaspari (P),01\17 to 05\08,TBA,NonTraditional Format Exclude
NR,33118,CSCE,685,625,CS,1 12 2018,DIRECTED STUDIES ,NA,TBA,3,2,1,Jianer Chen (P),01\17 to 05\08,TBA,NonTraditional Format Exclude
NR,33345,CSCE,685,634,CS,1 12 2018,DIRECTED STUDIES ,NA,TBA,3,1,2,Zhangyang Wang (P),01\17 to 05\08,TBA,NonTraditional Format Exclude
NR,20379,CSCE,685,636,CS,1 12 2018,DIRECTED STUDIES ,NA,TBA,4,1,3,Tracy Hammond (P),01\17 to 05\08,TBA,NonTraditional Format Exclude
NR,16160,CSCE,685,640,CS,1 12 2018,DIRECTED STUDIES ,NA,TBA,3,1,2,Frank Shipman (P),01\17 to 05\08,TBA,NonTraditional Format Exclude
NR,30111,CSCE,685,650,CS,1 12 2018,DIRECTED STUDIES ,NA,TBA,8,3,5,Aakash Tyagi (P),01\17 to 05\08,TBA,NonTraditional Format Exclude
NR,32158,CSCE,689,600,CS,3,SPTP:NATURAL LANG.PROCESSING(Syllabus) ,TR,11:10 am to 12:25 pm,28,26,2,Ruihong Huang (P),01\17 to 05\08,HELD 121,NonTraditional Format Exclude and 3peat Exclusion
NR,32413,CSCE,689,601,CS,3,SPTP:CYBERSECURITY RISK (Syllabus) ,TR,08:00 am to 09:15 am,10,4,6,Paula S. Dewitte (P),01\17 to 05\08,HRBB 105,NonTraditional Format Exclude and 3peat Exclusion
NR,32414,CSCE,689,602,CS,3,SPTP:FNDATIONS OF CYBERSECRITY(Syllabus) ,MW,05:45 pm to 07:00 pm,60,20,40,Daniel J. Ragsdale (P),01\17 to 05\08,ETB 1020,NonTraditional Format Exclude and 3peat Exclusion
C,32415,CSCE,689,603,CS,3,SPTP:LAW POLICY CYBERSECURITY(Syllabus) ,TR,09:35 am to 10:50 am,6,6,0,Paula S. Dewitte (P),01\17 to 05\08,HRBB 126,NonTraditional Format Exclude and 3peat Exclusion
NR,32416,CSCE,689,604,CS,3,SPTP:HUMAN BEHAV ANALYTICS(Syllabus) ,MWF,10:20 am to 11:10 am,30,28,2,Theodora Chaspari (P),01\17 to 05\08,HRBB 126,NonTraditional Format Exclude and 3peat Exclusion
NR,32420,CSCE,689,605,CS,3,SPTP:INTRO MODERN CRYTOGRAPHY(Syllabus) ,TR,03:55 pm to 05:10 pm,25,17,8,Juan Garay (P),01\17 to 05\08,HRBB 126,NonTraditional Format Exclude and 3peat Exclusion
NR,32421,CSCE,689,606,CS,3,SPTP:SECURITY & PRIVACY IOT(Syllabus) ,MWF,03:00 pm to 03:50 pm,25,11,14,Reyhaneh Safavi to Naeini (P),01\17 to 05\08,HRBB 126,NonTraditional Format Exclude and 3peat Exclusion
NR,32422,CSCE,689,607,CS,3,SPTP:CLOUD COMPUTING (Syllabus) ,MW,05:45 pm to 07:00 pm,50,47,3,"Dilma Da Silva (P), Mahima Agumbe Suresh",01\17 to 05\08,HRBB 113,NonTraditional Format Exclude and 3peat Exclusion
NR,32564,CSCE,689,608,CS,3,SPTP:FUND OF SOFTWARE ANAYLSIS(Syllabus) ,TR,03:55 pm to 05:10 pm,25,14,11,Shaoming Huang (P),01\17 to 05\08,THOM 107A,NonTraditional Format Exclude and 3peat Exclusion
C,32760,CSCE,689,609,CS,3,SPTP:DATA VISUALIZATION (Syllabus) ,TR,02:20 pm to 03:35 pm,15,16, to 1,Eric D. Ragan (P),01\17 to 05\08,ARCC 305,NonTraditional Format Exclude and 3peat Exclusion
NR,32999,CSCE,689,610,CS,3,SPTP:MOD & CON OF REDUN ROB(Syllabus) ,TR,09:35 am to 10:50 am,10,1,9,Seok Chang Ryu (P),01\17 to 05\08,ENPH 206,NonTraditional Format Exclude and 3peat Exclusion
C,33263,CSCE,689,698,CS,3,SPTP: ADV DESIGN VERIFICATION(Syllabus) ,WEB,WEB,45,51, to 6,Michael D. Quinn (P),01\17 to 05\08,WEB,NonTraditional Format Exclude and 3peat Exclusion
NR,32423,CSCE,689,700,CS,3,SPTP:CLOUD COMPUTING (Syllabus) ,WEB,WEB,30,3,27,"Dilma Da Silva (P), Mahima Agumbe Suresh",01\17 to 05\08,WEB,Distance Education and NonTraditional Format Exclude and 3peat Exclusion
C,30048,CSCE,691,582,CS,1 23 2018,RESEARCH ,NA,TBA,1,1,0,Dilma Da Silva (P),01\17 to 05\08,TBA,NonTraditional Format Exclude and 3peat Exclusion and YIRS
NR,29809,CSCE,691,583,CS,1 23 2018,RESEARCH ,NA,TBA,8,6,2,Eric D. Ragan (P),01\17 to 05\08,TBA,NonTraditional Format Exclude and 3peat Exclusion and YIRS
NR,23140,CSCE,691,600,CS,1 23 2018,RESEARCH ,NA,TBA,4,2,2,Duncan Walker (P),01\17 to 05\08,TBA,NonTraditional Format Exclude and 3peat Exclusion and YIRS
C,23034,CSCE,691,601,CS,1 23 2018,RESEARCH ,NA,TBA,5,5,0,Shaoming Huang (P),01\17 to 05\08,TBA,NonTraditional Format Exclude and 3peat Exclusion and YIRS
NR,13140,CSCE,691,603,CS,1 23 2018,RESEARCH ,NA,TBA,15,5,10,Andrew Kerne (P),01\17 to 05\08,TBA,NonTraditional Format Exclude and 3peat Exclusion and YIRS
NR,13143,CSCE,691,605,CS,1 23 2018,RESEARCH ,NA,TBA,20,2,18,Dmitri Loguinov (P),01\17 to 05\08,TBA,NonTraditional Format Exclude and 3peat Exclusion and YIRS
NR,23141,CSCE,691,606,CS,1 23 2018,RESEARCH ,NA,TBA,4,3,1,Timothy A. Davis (P),01\17 to 05\08,TBA,NonTraditional Format Exclude and 3peat Exclusion and YIRS
NR,25340,CSCE,691,607,CS,1 23 2018,RESEARCH ,NA,TBA,42,14,28,Xia Hu (P),01\17 to 05\08,TBA,NonTraditional Format Exclude and 3peat Exclusion and YIRS
NR,13151,CSCE,691,608,CS,1 23 2018,RESEARCH ,NA,TBA,11,7,4,Radu Stoleru (P),01\17 to 05\08,TBA,NonTraditional Format Exclude and 3peat Exclusion and YIRS
NR,25446,CSCE,691,610,CS,1 23 2018,RESEARCH ,NA,TBA,10,7,3,Ruihong Huang (P),01\17 to 05\08,TBA,NonTraditional Format Exclude and 3peat Exclusion and YIRS
NR,13155,CSCE,691,611,CS,1 23 2018,RESEARCH ,NA,TBA,10,6,4,Dezhen Song (P),01\17 to 05\08,TBA,NonTraditional Format Exclude and 3peat Exclusion and YIRS
NR,18436,CSCE,691,612,CS,1 23 2018,RESEARCH ,NA,TBA,15,4,11,Daniel A. Jimenez (P),01\17 to 05\08,TBA,NonTraditional Format Exclude and 3peat Exclusion and YIRS
NR,25649,CSCE,691,613,CS,1 23 2018,RESEARCH ,NA,TBA,8,5,3,Francis K. Quek (P),01\17 to 05\08,TBA,NonTraditional Format Exclude and 3peat Exclusion and YIRS
NR,26040,CSCE,691,614,CS,1 23 2018,RESEARCH ,NA,TBA,4,2,2,Bruce S. Gooch (P),01\17 to 05\08,TBA,NonTraditional Format Exclude and 3peat Exclusion and YIRS
NR,13156,CSCE,691,616,CS,1 23 2018,RESEARCH ,NA,TBA,10,7,3,Ricardo Gutierrez to Osuna (P),01\17 to 05\08,TBA,NonTraditional Format Exclude and 3peat Exclusion and YIRS
NR,13157,CSCE,691,617,CS,1 23 2018,RESEARCH ,NA,TBA,10,1,9,Jaakko Jarvi (P),01\17 to 05\08,TBA,NonTraditional Format Exclude and 3peat Exclusion and YIRS
NR,13244,CSCE,691,619,CS,1 23 2018,RESEARCH ,NA,TBA,10,4,6,Robin Murphy (P),01\17 to 05\08,TBA,NonTraditional Format Exclude and 3peat Exclusion and YIRS
NR,14862,CSCE,691,620,CS,1 23 2018,RESEARCH ,NA,TBA,10,2,8,Vivek Sarin (P),01\17 to 05\08,TBA,NonTraditional Format Exclude and 3peat Exclusion and YIRS
NR,13245,CSCE,691,621,CS,1 23 2018,RESEARCH ,NA,TBA,15,10,5,Eun Kim (P),01\17 to 05\08,TBA,NonTraditional Format Exclude and 3peat Exclusion and YIRS
NR,13246,CSCE,691,622,CS,1 23 2018,RESEARCH ,NA,TBA,10,2,8,John Keyser (P),01\17 to 05\08,TBA,NonTraditional Format Exclude and 3peat Exclusion and YIRS
NR,13247,CSCE,691,624,CS,1 23 2018,RESEARCH ,NA,TBA,10,1,9,Andreas Klappenecker (P),01\17 to 05\08,TBA,NonTraditional Format Exclude and 3peat Exclusion and YIRS
NR,13248,CSCE,691,625,CS,1 23 2018,RESEARCH ,NA,TBA,10,1,9,Jianer Chen (P),01\17 to 05\08,TBA,NonTraditional Format Exclude and 3peat Exclusion and YIRS
NR,13249,CSCE,691,627,CS,1 23 2018,RESEARCH ,NA,TBA,10,5,5,Jyh Liu (P),01\17 to 05\08,TBA,NonTraditional Format Exclude and 3peat Exclusion and YIRS
NR,13250,CSCE,691,628,CS,1 23 2018,RESEARCH ,NA,TBA,10,1,9,Scott Schaefer (P),01\17 to 05\08,TBA,NonTraditional Format Exclude and 3peat Exclusion and YIRS
NR,13251,CSCE,691,629,CS,1 23 2018,RESEARCH ,NA,TBA,20,8,12,Rabinarayan Mahapatra (P),01\17 to 05\08,TBA,NonTraditional Format Exclude and 3peat Exclusion and YIRS
NR,13252,CSCE,691,630,CS,1 23 2018,RESEARCH ,NA,TBA,15,6,9,Yoonsuck Choe (P),01\17 to 05\08,TBA,NonTraditional Format Exclude and 3peat Exclusion and YIRS
NR,13253,CSCE,691,631,CS,1 23 2018,RESEARCH ,NA,TBA,10,4,6,Anxiao Jiang (P),01\17 to 05\08,TBA,NonTraditional Format Exclude and 3peat Exclusion and YIRS
NR,25308,CSCE,691,632,CS,1 23 2018,RESEARCH ,NA,TBA,5,4,1,Dilma Da Silva (P),01\17 to 05\08,TBA,NonTraditional Format Exclude and 3peat Exclusion and YIRS
NR,13254,CSCE,691,633,CS,1 23 2018,RESEARCH ,NA,TBA,25,11,14,Nancy Amato (P),01\17 to 05\08,TBA,NonTraditional Format Exclude and 3peat Exclusion and YIRS
NR,13255,CSCE,691,634,CS,1 23 2018,RESEARCH ,NA,TBA,10,9,1,Zhangyang Wang (P),01\17 to 05\08,TBA,NonTraditional Format Exclude and 3peat Exclusion and YIRS
NR,13256,CSCE,691,635,CS,1 23 2018,RESEARCH ,NA,TBA,10,2,8,Jennifer Welch (P),01\17 to 05\08,TBA,NonTraditional Format Exclude and 3peat Exclusion and YIRS
NR,13257,CSCE,691,636,CS,1 23 2018,RESEARCH ,NA,TBA,25,12,13,Tracy Hammond (P),01\17 to 05\08,TBA,NonTraditional Format Exclude and 3peat Exclusion and YIRS
NR,13258,CSCE,691,638,CS,1 23 2018,RESEARCH ,NA,TBA,10,1,9,Riccardo Bettati (P),01\17 to 05\08,TBA,NonTraditional Format Exclude and 3peat Exclusion and YIRS
NR,13259,CSCE,691,639,CS,1 23 2018,RESEARCH ,NA,TBA,10,4,6,Shinjiro Sueda (P),01\17 to 05\08,TBA,NonTraditional Format Exclude and 3peat Exclusion and YIRS
NR,13260,CSCE,691,640,CS,1 23 2018,RESEARCH ,NA,TBA,10,4,6,Frank Shipman (P),01\17 to 05\08,TBA,NonTraditional Format Exclude and 3peat Exclusion and YIRS
NR,13261,CSCE,691,641,CS,1 23 2018,RESEARCH ,NA,TBA,10,3,7,Thomas Ioerger (P),01\17 to 05\08,TBA,NonTraditional Format Exclude and 3peat Exclusion and YIRS
NR,13262,CSCE,691,642,CS,1 23 2018,RESEARCH ,NA,TBA,13,4,9,Lawrence Rauchwerger (P),01\17 to 05\08,TBA,NonTraditional Format Exclude and 3peat Exclusion and YIRS
NR,13264,CSCE,691,644,CS,1 23 2018,RESEARCH ,NA,TBA,15,7,8,Guofei Gu (P),01\17 to 05\08,TBA,NonTraditional Format Exclude and 3peat Exclusion and YIRS
NR,13263,CSCE,691,645,CS,1 23 2018,RESEARCH ,NA,TBA,15,13,2,James Caverlee (P),01\17 to 05\08,TBA,NonTraditional Format Exclude and 3peat Exclusion and YIRS
NR,13265,CSCE,691,646,CS,1 23 2018,RESEARCH ,NA,TBA,10,9,1,Dylan A. Shell (P),01\17 to 05\08,TBA,NonTraditional Format Exclude and 3peat Exclusion and YIRS
C,18232,CSCE,691,647,CS,1 23 2018,RESEARCH ,NA,TBA,2,2,0,Hye to Chung Kum (P),01\17 to 05\08,TBA,NonTraditional Format Exclude and 3peat Exclusion and YIRS
NR,25614,CSCE,691,648,CS,1 23 2018,RESEARCH ,NA,TBA,8,2,6,Roozbeh Jafari (P),01\17 to 05\08,TBA,NonTraditional Format Exclude and 3peat Exclusion and YIRS
NR,22957,CSCE,691,650,CS,1 23 2018,RESEARCH: IN to AB ,NA,TBA,5,1,4,Frank Shipman (P),01\17 to 05\08,TBA,In Absentia and NonTraditional Format Exclude and 3peat Exclusion and YIRS
NR,32324,CSCE,691,651,CS,1 23 2018,RESEARCH ,NA,TBA,5,4,1,Bobak Mortazavi (P),01\17 to 05\08,TBA,NonTraditional Format Exclude and 3peat Exclusion and YIRS
C,13098,CSCE,691,653,CS,1 23 2018,RESEARCH: IN to AB ,NA,TBA,1,1,0,Andrew Kerne (P),01\17 to 05\08,TBA,In Absentia and NonTraditional Format Exclude and 3peat Exclusion and YIRS
NR,23056,CSCE,691,656,CS,1 23 2018,RESEARCH: IN to AB ,NA,TBA,3,1,2,Lawrence Rauchwerger (P),01\17 to 05\08,TBA,In Absentia and NonTraditional Format Exclude and 3peat Exclusion and YIRS
NR,20369,CSCE,691,667,CS,1 23 2018,RESEARCH: IN to AB ,NA,TBA,1,0,1,Jaakko Jarvi (P),01\17 to 05\08,TBA,In Absentia and NonTraditional Format Exclude and 3peat Exclusion and YIRS
NR,23165,CSCE,691,672,CS,1 23 2018,RESEARCH: IN to AB ,NA,TBA,3,1,2,Shaoming Huang (P),01\17 to 05\08,TBA,In Absentia and NonTraditional Format Exclude and 3peat Exclusion and YIRS
NR,13103,CSCE,691,683,CS,1 23 2018,RESEARCH: IN to AB ,NA,TBA,4,1,3,Nancy Amato (P),01\17 to 05\08,TBA,In Absentia and NonTraditional Format Exclude and 3peat Exclusion and YIRS
C,18028,CSCE,691,686,CS,1 23 2018,RESEARCH: IN to AB ,NA,TBA,1,1,0,Tracy Hammond (P),01\17 to 05\08,TBA,In Absentia and NonTraditional Format Exclude and 3peat Exclusion and YIRS
NR,14613,CSCE,691,695,CS,1 23 2018,RESEARCH ,NA,TBA,5,1,4,James Caverlee (P),01\17 to 05\08,TBA,NonTraditional Format Exclude and 3peat Exclusion and YIRS
NR,29482,CSCE,691,698,CS,1 23 2018,RESEARCH ,NA,TBA,2,1,1,Nicholas G. Duffield (P),01\17 to 05\08,TBA,NonTraditional Format Exclude and 3peat Exclusion and YIRS
NR,30355,VIZA,613,600,CS,4,3D MODELING & ANIMATN (Syllabus) ,TR,02:20 pm to 03:35 pm,15,7,8,Andre Thomas (P),01\17 to 05\08,ARCC 109A,NA
NR,30355,VIZA,613,600,CS,4,3D MODELING & ANIMATN (Syllabus) ,TR,03:36 pm to 04:25 pm,15,7,8,Andre Thomas,01\17 to 05\08,ARCC 109A,NA
NR,31591,VIZA,616,600,CS,3,RENDERING & SHADING (Syllabus) ,MW,10:20 am to 11:10 am,20,11,9,Ann McNamara (P),01\17 to 05\08,ARCC 205,NA
NR,31591,VIZA,616,600,CS,3,RENDERING & SHADING (Syllabus) ,MW,11:11 am to 12:00 pm,20,11,9,Ann McNamara,01\17 to 05\08,ARCC 205,NA
NR,30243,VIZA,617,600,CS,4,ADV ANIMATION (Syllabus) ,MW,05:45 pm to 06:35 pm,20,11,9,Frederic Parke (P),01\17 to 05\08,ARCC 414,3peat Exclusion
NR,30243,VIZA,617,600,CS,4,ADV ANIMATION (Syllabus) ,MW,06:36 pm to 08:15 pm,20,11,9,Frederic Parke,01\17 to 05\08,ARCC 414,3peat Exclusion
NR,17671,VIZA,618,600,CS,3,FACIAL MODEL & ANIMATION (Syllabus) ,MW,12:40 pm to 01:30 pm,20,6,14,Frederic Parke (P),01\17 to 05\08,ARCC 414,NA
NR,17671,VIZA,618,600,CS,3,FACIAL MODEL & ANIMATION (Syllabus) ,MW,01:30 pm to 02:20 pm,20,6,14,Frederic Parke (P),01\17 to 05\08,ARCC 414,NA
NR,22340,VIZA,625,600,CS,3,MULTIMEDIA WEB DESIGN (Syllabus) ,TR,09:35 am to 10:25 am,15,8,7,Sherman S. Finch (P),01\17 to 05\08,ARCC 414,NA
NR,22340,VIZA,625,600,CS,3,MULTIMEDIA WEB DESIGN (Syllabus) ,TR,10:26 am to 11:15 am,15,8,7,Sherman S. Finch,01\17 to 05\08,ARCC 414,NA
NR,17399,VIZA,631,600,CS,4,CONTEMP ART STDIO SEM II (Syllabus) ,MW,04:10 pm to 05:00 pm,10,4,6,Susanne C. Bieber (P),01\17 to 05\08,TBA,NA
NR,17399,VIZA,631,600,CS,4,CONTEMP ART STDIO SEM II (Syllabus) ,MW,05:01 pm to 06:40 pm,10,4,6,Susanne C. Bieber,01\17 to 05\08,TBA,NA
NR,23700,VIZA,647,600,CS,3,COLOR PHOTOGRAPHY (Syllabus) ,MW,12:40 pm to 01:05 pm,18,8,10,Krista S. Finch (P),01\17 to 05\08,RDMC 002,3peat Exclusion
NR,23700,VIZA,647,600,CS,3,COLOR PHOTOGRAPHY (Syllabus) ,MW,01:06 pm to 02:45 pm,18,8,10,Krista S. Finch,01\17 to 05\08,RDMC 002,3peat Exclusion
NR,12145,VIZA,656,600,CS,4,IMAGE SYNTHESIS (Syllabus) ,MW,08:00 am to 09:15 am,20,9,11,Ergun Akleman,01\17 to 05\08,ARCC 414,NA
NR,12145,VIZA,656,600,CS,4,IMAGE SYNTHESIS (Syllabus) ,MW,09:16 am to 10:05 am,20,9,11,Ergun Akleman (P),01\17 to 05\08,ARCC 414,NA
NR,30244,VIZA,657,600,CS,3,COMPUTER AIDED SCULPTING (Syllabus) ,MW,10:20 am to 11:10 am,10,7,3,Ergun Akleman (P),01\17 to 05\08,ARCC 414,NA
NR,30244,VIZA,657,600,CS,3,COMPUTER AIDED SCULPTING (Syllabus) ,MW,11:11 am to 12:25 pm,10,7,3,Ergun Akleman,01\17 to 05\08,ARCC 414,NA
NR,31965,VIZA,679,600,CS,3,ADV TPS PHYS BASED MODEL (Syllabus) ,TR,02:20 pm to 03:10 pm,15,11,4,Jerry Tessendorf (P),01\17 to 05\08,ARCC 414,3peat Exclusion
NR,31965,VIZA,679,600,CS,3,ADV TPS PHYS BASED MODEL (Syllabus) ,TR,03:11 pm to 04:00 pm,15,11,4,Jerry Tessendorf,01\17 to 05\08,ARCC 414,3peat Exclusion
NR,17408,VIZA,680,600,CS,4,PROF PRACTICE IN VISUAL (Syllabus) ,MW,01:50 pm to 02:40 pm,10,6,4,Felice L. House (P),01\17 to 05\08,ARCC 429,NA
NR,17408,VIZA,680,600,CS,4,PROF PRACTICE IN VISUAL (Syllabus) ,MW,02:41 pm to 03:30 pm,10,6,4,Felice L. House,01\17 to 05\08,ARCC 429,NA
C,13317,VIZA,685,601,CS,1 6 2018,DIRECTED STUDIES (Syllabus) ,NA,TBA,0,1, to 1,Jinsil Seo (P),01\17 to 05\08,TBA,NonTraditional Format Exclude and 3peat Exclusion
C,17993,VIZA,685,602,CS,1 6 2018,DIRECTED STUDIES ,NA,TBA,0,4, to 4,Richard Davison (P),01\17 to 05\08,TBA,NonTraditional Format Exclude and 3peat Exclusion
C,20341,VIZA,685,603,CS,1 6 2018,DIRECTED STUDIES ,NA,TBA,0,1, to 1,Carol Lafayette (P),01\17 to 05\08,TBA,NonTraditional Format Exclude and 3peat Exclusion
C,22928,VIZA,685,604,CS,1 6 2018,DIRECTED STUDIES ,NA,TBA,0,1, to 1,Ann McNamara (P),01\17 to 05\08,TBA,NonTraditional Format Exclude and 3peat Exclusion
C,25407,VIZA,685,605,CS,1 6 2018,DIRECTED STUDIES ,NA,TBA,0,1, to 1,Stephen Caffey (P),01\17 to 05\08,TBA,NonTraditional Format Exclude and 3peat Exclusion
C,13319,VIZA,685,607,CS,1 6 2018,DIRECTED STUDIES (Syllabus) ,NA,TBA,0,2, to 2,Howard Eilers (P),01\17 to 05\08,TBA,NonTraditional Format Exclude and 3peat Exclusion
C,18594,VIZA,685,608,CS,1 6 2018,DIRECTED STUDIES ,NA,TBA,0,1, to 1,Jerry Tessendorf (P),01\17 to 05\08,TBA,NonTraditional Format Exclude and 3peat Exclusion
C,33496,VIZA,685,610,CS,1 6 2018,DIRECTED STUDIES ,NA,TBA,0,1, to 1,"Felice L. House (P), Francis K. Quek",01\17 to 05\08,TBA,NonTraditional Format Exclude and 3peat Exclusion
C,33497,VIZA,685,611,CS,1 6 2018,DIRECTED STUDIES ,NA,TBA,0,0,0,Francis K. Quek (P),01\17 to 05\08,TBA,NonTraditional Format Exclude and 3peat Exclusion
C,13310,VIZA,685,613,CS,1 6 2018,DIRECTED STUDIES ,NA,TBA,0,1, to 1,Louis Tassinary (P),01\17 to 05\08,TBA,NonTraditional Format Exclude and 3peat Exclusion
C,13945,VIZA,685,618,CS,1 6 2018,DIRECTED STUDIES ,NA,TBA,0,0,0,Nathan C. Madrid (P),01\17 to 05\08,TBA,NonTraditional Format Exclude and 3peat Exclusion
C,16575,VIZA,685,620,CS,1 6 2018,DIRECTED STUDIES ,NA,TBA,0,1, to 1,Laurie J. Lisonbee (P),01\17 to 05\08,TBA,NonTraditional Format Exclude and 3peat Exclusion
C,16297,VIZA,685,650,CS,1 6 2018,DIRECTED STUDIES: IN to AB ,NA,TBA,0,1, to 1,Sharon Lynn Chu Yew Yee (P),01\17 to 05\08,TBA,In Absentia and NonTraditional Format Exclude and 3peat Exclusion
C,23124,VIZA,685,652,CS,1 6 2018,DIRECTED STUDIES: IN to AB ,NA,TBA,0,1, to 1,Ergun Akleman (P),01\17 to 05\08,TBA,In Absentia and NonTraditional Format Exclude and 3peat Exclusion
C,30522,VIZA,689,600,CS,3,SPTP: DATA VISUALIZATION (Syllabus) ,TR,02:20 pm to 03:35 pm,10,8,2,Eric D. Ragan (P),01\17 to 05\08,ARCC 305,NonTraditional Format Exclude and 3peat Exclusion
NR,32660,VIZA,689,601,CS,3,SPTP: COMP to HUMAN INTERACTION(Syllabus) ,TR,05:30 pm to 06:45 pm,10,3,7,Francis K. Quek (P),01\17 to 05\08,ARCC 207,NonTraditional Format Exclude and 3peat Exclusion
C,13316,VIZA,691,600,CS,1 23 2018,RESEARCH ,NA,TBA,0,6, to 6,Ergun Akleman (P),01\17 to 05\08,TBA,NonTraditional Format Exclude and Research and 3peat Exclusion and YIRS
C,15092,VIZA,691,602,CS,1 23 2018,RESEARCH ,NA,TBA,0,1, to 1,Richard Davison (P),01\17 to 05\08,TBA,NonTraditional Format Exclude and 3peat Exclusion and YIRS
C,23017,VIZA,691,603,CS,1 23 2018,RESEARCH ,NA,TBA,0,1, to 1,Sherman S. Finch (P),01\17 to 05\08,TBA,NonTraditional Format Exclude and 3peat Exclusion and YIRS
C,25745,VIZA,691,605,CS,1 23 2018,RESEARCH ,NA,TBA,0,1, to 1,Carol Lafayette (P),01\17 to 05\08,TBA,NonTraditional Format Exclude and Research and 3peat Exclusion and YIRS
C,25892,VIZA,691,606,CS,1 23 2018,RESEARCH ,NA,TBA,0,4, to 4,Eric D. Ragan (P),01\17 to 05\08,TBA,NonTraditional Format Exclude and Research and 3peat Exclusion and YIRS
C,13305,VIZA,691,609,CS,1 23 2018,RESEARCH ,NA,TBA,0,3, to 3,Timothy D. McLaughlin (P),01\17 to 05\08,TBA,NonTraditional Format Exclude and Research and 3peat Exclusion and YIRS
C,25924,VIZA,691,612,CS,1 23 2018,RESEARCH ,NA,TBA,0,4, to 4,Sharon Lynn Chu Yew Yee (P),01\17 to 05\08,TBA,NonTraditional Format Exclude and Research and 3peat Exclusion and YIRS
C,15725,VIZA,691,613,CS,1 23 2018,RESEARCH ,NA,TBA,0,2, to 2,Jinsil Seo (P),01\17 to 05\08,TBA,NonTraditional Format Exclude and Research and 3peat Exclusion and YIRS
C,13311,VIZA,691,614,CS,1 23 2018,RESEARCH ,NA,TBA,0,1, to 1,Louis Tassinary (P),01\17 to 05\08,TBA,NonTraditional Format Exclude and 3peat Exclusion and YIRS
C,13332,VIZA,691,650,CS,1 23 2018,RESEARCH: IN to AB ,NA,TBA,0,4, to 4,Ergun Akleman (P),01\17 to 05\08,TBA,In Absentia and NonTraditional Format Exclude and Research and 3peat Exclusion and YIRS
C,22854,VIZA,691,651,CS,1 23 2018,RESEARCH: IN to AB ,NA,TBA,0,1, to 1,Carol Lafayette (P),01\17 to 05\08,TBA,In Absentia and NonTraditional Format Exclude and Research and 3peat Exclusion and YIRS
C,13336,VIZA,691,657,CS,1 23 2018,RESEARCH: IN to AB ,NA,TBA,0,1, to 1,Sharon Lynn Chu Yew Yee (P),01\17 to 05\08,TBA,In Absentia and NonTraditional Format Exclude and 3peat Exclusion and YIRS
C,13306,VIZA,691,659,CS,1 23 2018,RESEARCH: IN to AB ,NA,TBA,0,3, to 3,Timothy D. McLaughlin (P),01\17 to 05\08,TBA,In Absentia and NonTraditional Format Exclude and Research and 3peat Exclusion and YIRS
C,15062,VIZA,691,660,CS,1 23 2018,RESEARCH: IN to AB ,NA,TBA,0,4, to 4,Ann McNamara (P),01\17 to 05\08,TBA,In Absentia and NonTraditional Format Exclude and Research and 3peat Exclusion and YIRS
C,13309,VIZA,691,661,CS,1 23 2018,RESEARCH: IN to AB ,NA,TBA,0,1, to 1,Frederic Parke (P),01\17 to 05\08,TBA,In Absentia and NonTraditional Format Exclude and Research and 3peat Exclusion and YIRS
C,20495,VIZA,691,664,CS,1 23 2018,RESEARCH: IN to AB ,NA,TBA,0,1, to 1,Eric D. Ragan (P),01\17 to 05\08,TBA,In Absentia and NonTraditional Format Exclude and Research and 3peat Exclusion and YIRS
C,17979,VIZA,693,600,CS,1 9 2018,PROFESSIONAL STUDY ,NA,TBA,0,1, to 1,Stephen Caffey (P),01\17 to 05\08,TBA,NonTraditional Format Exclude and 3peat Exclusion
C,17981,VIZA,693,602,CS,1 9 2018,PROFESSIONAL STUDY ,NA,TBA,0,3, to 3,Richard Davison (P),01\17 to 05\08,TBA,NonTraditional Format Exclude and 3peat Exclusion
C,25598,VIZA,693,603,CS,1 9 2018,PROFESSIONAL STUDY (Syllabus) ,NA,TBA,0,4, to 4,Felice L. House (P),01\17 to 05\08,TBA,NonTraditional Format Exclude and Capstone and Research and 3peat Exclusion
C,17983,VIZA,693,607,CS,1 9 2018,PROFESSIONAL STUDY ,NA,TBA,0,1, to 1,Carol Lafayette (P),01\17 to 05\08,TBA,NonTraditional Format Exclude and Capstone and Research and 3peat Exclusion
C,17985,VIZA,693,610,CS,1 9 2018,PROFESSIONAL STUDY ,NA,TBA,0,1, to 1,Ann McNamara (P),01\17 to 05\08,TBA,NonTraditional Format Exclude and 3peat Exclusion
C,17987,VIZA,693,613,CS,1 9 2018,PROFESSIONAL STUDY ,NA,TBA,0,2, to 2,Jinsil Seo (P),01\17 to 05\08,TBA,NonTraditional Format Exclude and 3peat Exclusion
C,17988,VIZA,693,614,CS,1 9 2018,PROFESSIONAL STUDY ,NA,TBA,0,1, to 1,Krista S. Finch (P),01\17 to 05\08,TBA,NonTraditional Format Exclude and 3peat Exclusion
C,17989,VIZA,693,617,CS,1 9 2018,PROFESSIONAL STUDY ,NA,TBA,0,2, to 2,Susanne C. Bieber (P),01\17 to 05\08,TBA,NonTraditional Format Exclude and Capstone and Research and 3peat Exclusion
C,20449,VIZA,693,650,CS,1 9 2018,PROFESSIONAL STUDY: IN to AB ,NA,TBA,0,2, to 2,Carol Lafayette (P),01\17 to 05\08,TBA,In Absentia and NonTraditional Format Exclude and 3peat Exclusion
C,23217,VIZA,693,651,CS,1 9 2018,PROFESSIONAL STUDY: IN to AB ,NA,TBA,0,1, to 1,Stephen Caffey (P),01\17 to 05\08,TBA,In Absentia and NonTraditional Format Exclude and 3peat Exclusion
C,19816,VIZA,693,653,CS,1 9 2018,PROFESSIONAL STUDY: IN to AB ,NA,TBA,0,1, to 1,Susanne C. Bieber (P),01\17 to 05\08,TBA,In Absentia and NonTraditional Format Exclude and 3peat Exclusion
